60;"fl.controls.Button"
59;"Logo_NoPlay"
49;"LoaderScreen"
0;"Main"
2082;"BH"
1890;"Cutscene"
1889;"MBFZ_fla.credits_141"
1851;"MBFZ_fla.Finalcutscene_140"
1840;"MBFZ_fla.Slowtinttoblack_139"
1837;"MBFZ_fla.CS_Boss_138"
1828;"MBFZ_fla.pan_137"
1824;"MBFZ_fla.splosione_135"
1819;"MBFZ_fla.eyes_133"
1816;"MBFZ_fla.handscopy_131"
1811;"MBFZ_fla.LightFlashcopy_130"
1806;"MBFZ_fla.shotdoodes_128"
1794;"MBFZ_fla.cutscene34_121"
1768;"MBFZ_fla.CS_Textselection_120"
1753;"MBFZ_fla.chute_end_119"
1751;"MBFZ_fla.ringexpand_118"
1747;"MBFZ_fla.parachute_guy_117"
1745;"MBFZ_fla.manonmissile_116"
1732;"MBFZ_fla.Dudelegs_112"
1726;"MBFZ_fla.jump_110"
1722;"MBFZ_fla.plane_close_108"
1719;"MBFZ_fla.missile_106"
1715;"MBFZ_fla.guyplane_105"
1713;"MBFZ_fla.rocket2_104"
1711;"MBFZ_fla.planes_103"
1708;"MBFZ_fla.guy_102"
1704;"MBFZ_fla.rocket_100"
1699;"MBFZ_fla.realization_97"
1692;"MBFZ_fla.island_xplode_96"
1689;"MBFZ_fla.CameraTurnon_95"
1662;"MBFZ_fla.cellcopy_88"
1659;"MBFZ_fla.LightSlow_87"
1657;"MBFZ_fla.cell_86"
1649;"MBFZ_fla.island_xplodeSmall_84"
1646;"MBFZ_fla.chute_man_83"
1644;"MBFZ_fla.planesmoke_81"
1638;"MBFZ_fla.Symbol3_80"
1618;"MBFZ_fla.plane_73"
1612;"MBFZ_fla.Symbol1_71"
1608;"MBFZ_fla.CS_hand_68"
1601;"MBFZ_fla.Symbol1oi_66"
1596;"MBFZ_fla.LightFlash_65"
1593;"MBFZ_fla.side_64"
1591;"MBFZ_fla.splosion_62"
1573;"MBFZ_fla.location_60"
1570;"fl.controls.Slider"
1569;"SliderTrack_disabledSkin"
1567;"SliderTick_skin"
1565;"SliderTrack_skin"
1563;"SliderThumb_disabledSkin"
1561;"SliderThumb_downSkin"
1559;"SliderThumb_overSkin"
1557;"SliderThumb_upSkin"
1555;"ScoreBar"
1540;"Hud"
1504;"MBFZ_fla.HudInfo_191"
1499;"Debug"
1488;"MBFZ_fla.Speak_187"
1435;"MBFZ_fla.bloodyscreen_175"
1431;"Aimer"
1428;"MBFZ_fla.AimerCircle_195"
1422;"Radar"
1417;"Helicopter"
1413;"Arena"
1411;"MBFZ_fla.Wall_Missile_248"
1406;"MBFZ_fla.Wall_Dropship_247"
1395;"DownArrow"
1388;"MBFZ_fla.elevator_242"
1378;"MBFZ_fla.Wall_tut_240"
1361;"MBFZ_fla.door_up_239"
1339;"MBFZ_fla.billboard_233"
1323;"MBFZ_fla.Wall_plane_231"
1280;"NodePickup"
1276;"NodeSpawn"
1273;"NodeWaypoint"
1268;"NodeAiAction"
1263;"NodePhysBox"
1261;"MBFZ_fla.foundry_wall_209"
1258;"MBFZ_fla.pot_203"
1240;"NodeHoldpoint"
1238;"MBFZ_fla.flag_wave_218"
1222;"NodeCtfFlag"
1210;"Bg"
1187;"BgSky"
1177;"Logo_Armor"
1172;"Logo_NotDoppler"
1158;"MBFZ_fla.introFlash_263"
1154;"Logo_Sky9Games"
1143;"MBFZ_fla.countdown_266"
1142;"MBFZ_fla.Numberspin_268"
1137;"Menu"
1135;"MBFZ_fla.DarkFade_303"
1132;"MBFZ_fla.Timeline_275"
1070;"MBFZ_fla.StageSelection_302"
1057;"MBFZ_fla.Timeline_300"
1024;"fl.controls.CheckBox"
1023;"CheckBox_selectedDisabledIcon"
1021;"CheckBox_selectedDownIcon"
1020;"CheckBox_selectedOverIcon"
1019;"CheckBox_selectedUpIcon"
1016;"CheckBox_disabledIcon"
1014;"CheckBox_downIcon"
1012;"CheckBox_overIcon"
1010;"CheckBox_upIcon"
1008;"fl.controls.RadioButton"
1007;"focusRectSkin"
1005;"RadioButton_selectedDisabledIcon"
1004;"RadioButton_selectedDownIcon"
1003;"RadioButton_selectedOverIcon"
1002;"RadioButton_selectedUpIcon"
998;"RadioButton_disabledIcon"
996;"RadioButton_downIcon"
994;"RadioButton_overIcon"
992;"RadioButton_upIcon"
990;"fl.core.ComponentShim"
960;"ScrollBar"
905;"MBFZ_fla.ProfileUnit_283"
899;"MBFZ_fla.TeamSelection_281"
889;"MBFZ_fla.PlayerSelection_282"
763;"Holder_Skill"
729;"Holder_Gun"
724;"MBFZ_fla.GunsMenu_176"
716;"Stats_Achievements"
695;"PhysLowerArm"
694;"PhysUpperArm"
693;"PhysBody"
692;"PhysFoot"
691;"PhysHand"
690;"PhysHead"
689;"PhysLowerLeg"
688;"PhysUpperLeg"
687;"Unit"
669;"UnitMC"
668;"MBFZ_fla.arm_front_328"
505;"MBFZ_fla.GunsUnitBack_284"
501;"MBFZ_fla.arm_gun_316"
485;"MBFZ_fla.lancher_barrel_327"
482;"MBFZ_fla.rocket_326"
472;"MBFZ_fla.MuzzleFlash_325"
462;"MBFZ_fla.MuzzleFlash_324"
453;"MBFZ_fla.MG_clip_323"
446;"MBFZ_fla.MuzzleFlash_322"
439;"MBFZ_fla.MG_slide_321"
433;"MBFZ_fla.MuzzleFlash_320"
425;"MBFZ_fla.rife_clip_319"
407;"MBFZ_fla.pistol_clip_318"
394;"MBFZ_fla.MuzzleFlash_317"
375;"MBFZ_fla.Guns_290"
233;"S_Click"
232;"M_Plane"
231;"M_Rocket"
230;"M_Train"
229;"M_Boss"
228;"S_Medal"
227;"S_ak"
226;"S_ar2"
225;"S_aug"
224;"S_autoshotgunFire"
223;"S_Beep"
222;"S_BulpupReload"
221;"V_Ca10_1"
220;"V_Ca10_2"
219;"V_Ca10_3"
218;"V_Ca10_4"
217;"V_Ca10_5"
216;"V_Ca1_1"
215;"V_Ca1_10"
214;"V_Ca11_1"
213;"V_Ca1_11"
212;"V_Ca1_12"
211;"V_Ca1_13"
210;"V_Ca1_14"
209;"V_Ca1_15"
208;"V_Ca1_16"
207;"V_Ca1_17"
206;"V_Ca1_18"
205;"V_Ca1_2"
204;"V_Ca12_1"
203;"V_Ca12_2"
202;"V_Ca12_3"
201;"V_Ca12_4"
200;"V_Ca1_3"
199;"V_Ca13_1"
198;"V_Ca13_2"
197;"V_Ca13_3"
196;"V_Ca1_4"
195;"V_Ca14_1"
194;"V_Ca14_2"
193;"V_Ca14_3"
192;"V_Ca14_4"
191;"V_Ca14_5"
190;"V_Ca14_6"
189;"V_Ca1_5"
188;"V_Ca15_1"
187;"V_Ca15_2"
186;"V_Ca15_3"
185;"V_Ca15_4"
184;"V_Ca15_5"
183;"V_Ca15_6"
182;"V_Ca15_7"
181;"V_Ca1_6"
180;"V_Ca1_7"
179;"V_Ca1_8"
178;"V_Ca1_9"
177;"V_Ca2_1"
176;"V_Ca2_2"
175;"V_Ca2_3"
174;"V_Ca2_4"
173;"V_Ca2_5"
172;"V_Ca3_1"
171;"V_Ca3_2"
170;"V_Ca3_3"
169;"V_Ca4_1"
168;"V_Ca4_2"
167;"V_Ca4_3"
166;"V_Ca4_4"
165;"V_Ca4_5"
164;"V_Ca4_6"
163;"V_Ca5_1"
162;"V_Ca6_1"
161;"V_Ca6_2"
160;"V_Ca6_3"
159;"V_Ca6_4"
158;"V_Ca6_5"
157;"V_Ca6_6"
156;"V_Ca7_1"
155;"V_Ca7_2"
154;"V_Ca7_3"
153;"V_Ca7_4"
152;"V_Ca8_1"
151;"V_Ca8_2"
150;"V_Ca9_1"
149;"V_Ca9_2"
148;"V_Ca9_3"
147;"V_Ca9_4"
146;"V_Ca9_5"
145;"V_Ca9_6"
144;"V_Ca9_7"
143;"S_deagle"
142;"S_elite"
141;"S_Jet"
140;"S_Reflect1"
139;"S_Reflect2"
138;"S_HeavyReload"
137;"S_Heli"
136;"S_Killstreak"
135;"S_LauncherReload"
134;"S_Pan"
133;"S_MagnumReload"
132;"V_Medic1"
131;"V_Medic2"
130;"S_Reflect3"
129;"S_Missile"
128;"S_mp5"
127;"V_k1"
126;"V_k10"
125;"V_k11"
124;"V_k12"
123;"V_k13"
122;"V_k14"
121;"V_k15"
120;"V_k16"
119;"V_k2"
118;"V_k3"
117;"V_k4"
116;"V_k5"
115;"V_k6"
114;"V_k7"
113;"V_k8"
112;"V_k9"
111;"S_PistolReload"
110;"S_Radar"
109;"S_rifle"
108;"S_RifleReload"
107;"S_RocketReload"
106;"S_scout"
105;"S_ShotgunReload"
104;"M_Silence"
103;"S_sniper"
102;"S_SniperReload"
101;"V_Sniper1"
100;"V_Sniper2"
99;"V_Soldier1"
98;"V_Soldier2"
97;"V_Tank1"
96;"V_Tank2"
95;"V_Tank3"
94;"M_Theme"
93;"M_Menu"
92;"M_Slow"
91;"S_Error"
90;"S_Equip"
89;"S_rocketExplode"
88;"S_Powerup"
87;"S_Skill"
86;"S_Heal"
85;"S_Die6"
84;"S_Die9"
83;"S_Ice"
82;"S_Die7"
81;"S_Mine1"
80;"S_Headshot1"
79;"S_Headshot3"
78;"S_Die1"
77;"S_Headshot2"
76;"S_Die2"
75;"S_Die8"
74;"S_rocketFire"
73;"S_sniperFire"
72;"S_Cut3"
71;"S_assaultFire"
70;"S_ripperFire"
69;"S_Blunt2"
68;"S_Whip1"
67;"S_uziFire"
66;"S_Whip2"
65;"S_shotgunFire"
64;"S_pistolFire"
63;"S_GunClick"
62;"S_Fire"
61;"S_Smoke"
